{
    "last_scrape_time": 1725578207.171213,
    "next_scrape_time": 0,
    "reels_scraped": [
        "sanitypun_3450709344384043681",
        "fatboydegen69_3449935602580270956",
        "sanitypun_3450656426310114938",
        "sanitypun_3450688268017461485",
        "terrible_christian_memer_3450677492858763192",
        "fatboydegen69_3450404556981406745",
        "terrible_christian_memer_3449875325574984146",
        "fatboydegen69_3450467506480193512",
        "terrible_christian_memer_3450449357414120826"
    ],
    "last_upload_time": 1725580648.0246642,
    "next_upload_time": 1725582088.0246642,
    "last_story_upload_time": 0,
    "next_story_upload_time": 0,
    "last_delete_time": 0,
    "random_upload_times": [],
    "random_waits": [],
    "next_file_to_upload": "N/A",
    "reels_uploaded": [
        "codcord.gg_3449756804548957856",
        "codcord.gg_3449772456013943515"
    ]
}