{
    "last_scrape_time": 1728516853.670676,
    "next_scrape_time": 0,
    "reels_scraped": [
        "toilettaleland_3462214515277018106",
        "toilettaleland_3462214673360403479",
        "toilettaleland_3462214580632794701"
    ],
    "last_upload_time": 1728620279.9515169,
    "next_upload_time": 1728622379.9515169,
    "last_story_upload_time": 0,
    "next_story_upload_time": 0,
    "last_delete_time": 0,
    "random_upload_times": [],
    "random_waits": [],
    "next_file_to_upload": "N/A",
    "reels_uploaded": [
        "thebrowncheezey_3463396244976844461",
        "binbros.co_3472597772844590820",
        "thebrowncheezey_3463573964876722016",
        "olympicwagers_3471697600002497328",
        "olympicwagers_3469330698697506634",
        "binbros.co_3471011286484720179",
        "uncrustable.memess_3462541300765883125",
        "somequeeninmarketing_3464474105959096010",
        "uncrustable.memess_3462485510977981205",
        "binbros.co_3472313856196874488",
        "laxative_3466179510729932886",
        "olympicwagers_3472151992283452999",
        "viral_clipsco",
        "chris_carsalesman"
    ]
}